datetime,open,high,low,close,volume
2024-08-30T00:00:00+00:00,80.14800000000002,80.14800000000002,76.75300000000004,77.04000000000003,140097.8735042735
2024-09-02T00:00:00+00:00,77.04000000000003,77.93400000000001,72.742,73.13300000000001,389200.24251382286
2024-09-05T00:00:00+00:00,73.13300000000001,74.58300000000001,71.012,71.869,285410.18749483064
2024-09-08T00:00:00+00:00,71.869,72.68399999999998,69.08299999999998,70.12199999999999,318700.53572065395
2024-09-11T00:00:00+00:00,70.12199999999999,73.64399999999999,69.417,72.50899999999999,432854.28788623435
2024-09-14T00:00:00+00:00,72.50899999999999,73.79299999999999,71.93199999999999,73.368,105071.53856942497
2024-09-17T00:00:00+00:00,73.368,75.57899999999998,72.57199999999999,75.23399999999998,368152.9374717986
2024-09-20T00:00:00+00:00,75.23399999999998,75.39899999999997,74.40699999999998,75.10199999999998,105688.57762237762
2024-09-23T00:00:00+00:00,75.10199999999998,76.34499999999997,73.54299999999998,74.11399999999998,388869.06268030254
2024-09-26T00:00:00+00:00,74.11399999999998,74.27999999999997,71.18399999999997,72.88799999999996,351982.5337802211
2024-09-29T00:00:00+00:00,72.88799999999996,75.95499999999996,70.41399999999996,74.90499999999996,402294.59895944013
2024-10-02T00:00:00+00:00,74.90499999999996,79.83899999999997,74.12399999999995,78.84399999999997,498430.87614679465
2024-10-05T00:00:00+00:00,78.84399999999997,81.66399999999997,77.86399999999998,81.55099999999997,142027.73533123027
2024-10-08T00:00:00+00:00,81.55099999999997,81.63399999999997,75.66999999999996,79.56899999999996,559681.7075995214
2024-10-11T00:00:00+00:00,79.56899999999996,80.02499999999996,78.56299999999997,79.57999999999997,138190.7197265625
2024-10-14T00:00:00+00:00,79.57999999999997,79.57999999999997,73.82499999999996,75.03899999999996,365358.8720145677
2024-10-17T00:00:00+00:00,75.03899999999996,75.46499999999996,73.02299999999997,73.68999999999997,263322.7425137073
2024-10-20T00:00:00+00:00,73.68999999999997,76.84599999999996,73.38899999999995,76.14499999999995,263558.46473029046
2024-10-23T00:00:00+00:00,76.14499999999995,76.53,74,75.87599999999999,336800.94240631827
2024-10-26T00:00:00+00:00,75.87599999999999,75.89099999999999,71.16599999999998,72.082,111890.39992219413
2024-10-29T00:00:00+00:00,72.082,74.246,70.71099999999998,74.079,363092.5337184193
2024-11-01T00:00:00+00:00,74.079,74.916,72.955,73.025,128111.17634408602
2024-11-04T00:00:00+00:00,73.025,76.19100000000002,72.93400000000001,75.18000000000002,367197.31372041674
2024-11-07T00:00:00+00:00,75.18000000000002,76.02500000000002,73.37400000000002,73.94500000000002,236150.75489240768
2024-11-10T00:00:00+00:00,73.94500000000002,73.95000000000002,71.28800000000001,71.489,211537.4806847914
2024-11-13T00:00:00+00:00,71.489,72.95400000000001,70.48500000000001,70.808,341179.4512664031
2024-11-16T00:00:00+00:00,70.808,73.019,70.37700000000001,72.763,99444.66666666666
2024-11-19T00:00:00+00:00,72.763,74.34600000000002,72.157,74.25400000000002,255777.71908593678
2024-11-22T00:00:00+00:00,74.25400000000002,75.36600000000001,73.38900000000002,75.10100000000001,94215.2006326254
2024-11-25T00:00:00+00:00,75.10100000000001,75.34100000000002,72.06900000000002,72.915,299900.2498965355
2024-11-28T00:00:00+00:00,72.915,73.481,71.313,71.64800000000001,146085.31902944102
2024-12-01T00:00:00+00:00,72.20700000000001,73.97799999999998,71.612,73.75899999999999,188637.598805207
2024-12-04T00:00:00+00:00,73.75899999999999,74.34399999999998,70.91099999999997,71.07199999999997,282389.8424488044
2024-12-07T00:00:00+00:00,71.07199999999997,72.71299999999998,71.03099999999998,71.98199999999999,73650.14259144451
2024-12-10T00:00:00+00:00,71.98199999999999,74.05199999999998,71.58799999999998,73.46799999999998,238410.22233537163
2024-12-13T00:00:00+00:00,73.46799999999998,74.64799999999998,73.36599999999999,74.44199999999998,69002.31565656565
2024-12-16T00:00:00+00:00,74.44199999999998,74.53199999999998,72.58799999999998,72.95599999999993,217226.8611831867
2024-12-19T00:00:00+00:00,72.95599999999993,73.94099999999993,72.07899999999994,73.03099999999993,147707.67769514685
2024-12-22T00:00:00+00:00,73.03099999999993,73.78099999999999,71.954,73.606,113703.83422222518
2024-12-25T00:00:00+00:00,73.70400000000001,74.32700000000006,73.01500000000006,73.85200000000006,119984.46086940262
2024-12-28T00:00:00+00:00,73.85200000000006,74.49200000000005,73.38200000000005,74.10000000000005,57103.064732142855
2024-12-31T00:00:00+00:00,74.10000000000005,76.827,73.84000000000006,76.18599999999999,132925.2276222048
2025-01-03T00:00:00+00:00,76.18599999999999,77.002,75.791,76.86699999999999,62773.08539944903
2025-01-06T00:00:00+00:00,76.86699999999999,78.15299999999999,76.201,76.473,239868.96178922924
2025-01-09T00:00:00+00:00,76.473,81.03299999999999,75.96199999999999,79.948,204587.54954157126
2025-01-12T00:00:00+00:00,79.948,81.86299999999999,79.81199999999998,80.541,281710.3616520953
2025-01-15T00:00:00+00:00,80.541,82.778,79.776,80.97600000000001,407201.921304958
2025-01-18T00:00:00+00:00,80.97600000000001,81.06800000000001,79.223,79.239,102627.19311058706
2025-01-21T00:00:00+00:00,79.239,79.884,77.228,77.309,342060.99247889256
2025-01-24T00:00:00+00:00,77.309,78.955,77.00399999999999,78.4,92264.05669050051
2025-01-27T00:00:00+00:00,78.4,78.865,76.174,76.739,268983.91969839315
2025-01-30T00:00:00+00:00,76.739,77.576,75.134,76.451,201593.14406734178
2025-02-02T00:00:00+00:00,76.451,77.246,74.14,76.089,302064.1562076123
2025-02-05T00:00:00+00:00,76.089,76.34100000000001,74.069,74.63600000000001,264006.9256473292
2025-02-08T00:00:00+00:00,74.63600000000001,76.081,74.58500000000002,76.07400000000001,63176.007836045814
2025-02-11T00:00:00+00:00,76.07400000000001,77.29100000000001,74.07900000000001,75.259,240378.50964679202
2025-02-14T00:00:00+00:00,75.259,75.846,74.56400000000001,74.641,74896.90637191158
2025-02-17T00:00:00+00:00,74.641,76.78999999999999,74.394,76.044,186789.7668086093
2025-02-20T00:00:00+00:00,76.044,77.094,74.16899999999998,74.19099999999999,130351.13158231409
2025-02-23T00:00:00+00:00,74.19099999999999,75.11999999999999,72.568,73.03399999999999,128586.570437988
2025-02-26T00:00:00+00:00,73.03399999999999,74.16600000000004,72.22400000000003,72.96500000000003,215949.15271083754
2025-03-01T00:00:00+00:00,72.96500000000003,73.63100000000003,71.12900000000003,71.45500000000003,103528.0129682997
2025-03-04T00:00:00+00:00,71.45500000000003,71.46500000000003,68.29400000000004,69.40900000000003,320017.0113954899
2025-03-07T00:00:00+00:00,69.40900000000003,71.35600000000004,69.26400000000004,70.32400000000004,111104.86173633441
2025-03-10T00:00:00+00:00,70.32400000000004,71.06600000000005,68.59900000000005,70.94500000000004,245209.10315189767
2025-03-13T00:00:00+00:00,70.94500000000004,71.20100000000004,69.63500000000005,70.49900000000004,143722.07567594136
2025-03-16T00:00:00+00:00,70.49900000000004,72.11100000000003,70.19900000000003,70.31100000000002,136548.09965939104
2025-03-19T00:00:00+00:00,70.31100000000002,72.42900000000003,69.82900000000002,72.10400000000004,196471.8491207271
2025-03-22T00:00:00+00:00,72.10400000000004,73.07600000000004,71.71400000000004,72.97600000000004,61003.877146631436
2025-03-25T00:00:00+00:00,72.97600000000004,74.141,72.474,74.015,163141.34279096298
2025-03-28T00:00:00+00:00,74.015,74.16099999999999,73.189,73.38999999999999,66657.1956358164
2025-03-31T00:00:00+00:00,73.38999999999999,75.441,72.24399999999999,73.79599999999999,225458.96056062225
2025-04-03T00:00:00+00:00,73.79599999999999,73.83599999999998,64.01499999999999,66.13399999999999,402260.0322471234
2025-04-06T00:00:00+00:00,66.13399999999999,67.54999999999998,61.41899999999995,61.63099999999995,651661.0661865799
2025-04-09T00:00:00+00:00,61.63099999999995,66.13099999999996,58.44899999999995,64.691,833585.030875849
2025-04-12T00:00:00+00:00,64.691,65.911,64.03999999999999,64.93,110232.29974614334
2025-04-15T00:00:00+00:00,64.93,68.17100000000003,63.81400000000001,67.70500000000004,298628.09399408975
2025-04-21T00:00:00+00:00,67.70500000000004,68.611,65.245,66.101,327277.500590974
2025-04-24T00:00:00+00:00,66.101,67.16499999999999,65.544,66.945,184440.12924577505
2025-04-27T00:00:00+00:00,66.945,67.326,63.863,63.908,199398.85135900258
2025-04-30T00:00:00+00:00,63.908,63.933,59.263,61.455,373646.34529100213
2025-05-03T00:00:00+00:00,61.455,61.491,58.824,60.32599999999999,97457.54811715482
2025-05-06T00:00:00+00:00,60.32599999999999,63.171,60.144,63.16,279821.9918695525
2025-05-09T00:00:00+00:00,63.16,64.236,62.814,63.924,73352.83846637336
2025-05-12T00:00:00+00:00,63.924,66.80499999999996,63.824,65.82499999999997,222588.2457521513
2025-05-15T00:00:00+00:00,65.82499999999997,65.86099999999998,63.479,65.37999999999998,176089.3950769553
2025-05-18T00:00:00+00:00,65.37999999999998,66.05599999999998,64.47399999999999,65.63699999999997,145942.0311378319
2025-05-21T00:00:00+00:00,65.63699999999997,66.67799999999997,63.35599999999998,65.01199999999997,280070.3314653601
2025-05-24T00:00:00+00:00,65.01199999999997,65.35199999999998,64.54599999999996,64.83099999999997,36891.40007883326
2025-05-27T00:00:00+00:00,64.674,66.05000000000001,63.379,64.07100000000001,229019.75734879752
2025-05-30T00:00:00+00:00,64.07100000000001,64.08700000000002,62.021,62.666000000000004,97626.44869109947
2025-06-02T00:00:00+00:00,62.666000000000004,65.846,62.62500000000001,64.74900000000001,248129.9085488245
2025-06-05T00:00:00+00:00,64.74900000000001,66.636,64.52600000000001,66.56,109443.46068335732
2025-06-08T00:00:00+00:00,66.56,67.95100000000001,66.02400000000002,66.56500000000001,105865.81878931346
2025-06-11T00:00:00+00:00,66.56500000000001,78.481,66.429,74.679,560751.7295807139
2025-06-14T00:00:00+00:00,74.679,75.288,70.40799999999999,72.78299999999999,200674.3272562221
2025-06-17T00:00:00+00:00,72.78299999999999,79.005,72.60799999999999,78.70799999999998,547746.6083303993
2025-06-20T00:00:00+00:00,77.739,77.739,74.43400000000001,76.158,168849.15241442894
2025-06-23T00:00:00+00:00,76.158,78.203,65.592,66.417,557234.8268377722
2025-06-26T00:00:00+00:00,66.417,69.009,66.391,67.414,168927.09302078575
2025-06-29T00:00:00+00:00,67.414,67.466,65.869,67.2,141648.1093215405
2025-07-02T00:00:00+00:00,67.2,69.176,66.914,68.469,187369.22856625472
2025-07-05T00:00:00+00:00,68.681,70.04100000000001,67.43400000000001,69.66900000000001,81817.8237654321
2025-07-08T00:00:00+00:00,69.66900000000001,70.81000000000003,68.63400000000003,68.95100000000002,206050.96840651287
2025-07-11T00:00:00+00:00,68.95100000000002,70.79600000000002,68.65400000000002,70.75000000000003,67937.29300196207
2025-07-14T00:00:00+00:00,70.75000000000003,71.496,67.689,68.681,225694.11657675874
2025-07-17T00:00:00+00:00,68.681,70.75599999999999,68.255,69.25399999999999,144905.2626750858
2025-07-20T00:00:00+00:00,69.25399999999999,69.576,68.07399999999998,68.71399999999998,144780.23777097906
2025-07-23T00:00:00+00:00,68.71399999999998,69.821,67.94299999999998,68.329,217846.6350750706
2025-07-26T00:00:00+00:00,68.329,70.421,68.294,70.269,65757.0742074928
2025-07-29T00:00:00+00:00,70.269,73.619,69.834,71.789,238964.62873967458
2025-08-01T00:00:00+00:00,71.789,71.971,69.384,69.43,106145.37268847795
2025-08-04T00:00:00+00:00,69.43,69.885,66.189,66.76,244897.60635774868
2025-08-07T00:00:00+00:00,66.76,67.64099999999999,65.515,66.121,157711.31930621318
2025-08-10T00:00:00+00:00,66.121,67.084,65.775,66.083,124249.1763825065
2025-08-13T00:00:00+00:00,66.083,67.02600000000001,64.975,66.13900000000001,176553.94112008615
2025-08-16T00:00:00+00:00,66.13900000000001,66.807,65.295,66.497,63670.41764018692
2025-08-19T00:00:00+00:00,66.497,67.76100000000002,65.574,67.57900000000002,165957.4545106526
2025-08-22T00:00:00+00:00,67.57900000000002,67.966,67.384,67.801,56415.93773307959
2025-08-25T00:00:00+00:00,67.801,69.036,66.88,67.78,142852.95577912408
2025-08-28T00:00:00+00:00,67.78,68.679,67.264,67.401,102712.10715179911
2025-08-31T00:00:00+00:00,67.401,69.496,67.069,69.085,90190.92405900446
2025-09-03T00:00:00+00:00,69.085,69.201,65.044,65.589,199398.9455048166
2025-09-06T00:00:00+00:00,65.589,67.006,65.589,66.191,56430.79438314945
2025-09-09T00:00:00+00:00,66.191,67.736,66.10499999999999,66.254,158047.55546902693
2025-09-12T00:00:00+00:00,66.254,68.144,65.674,66.834,59362.022906227634
2025-09-15T00:00:00+00:00,66.834,68.67400000000002,66.82400000000001,67.88500000000002,151053.1585551162
2025-09-18T00:00:00+00:00,67.88500000000002,68.38100000000001,66.39900000000002,66.60500000000002,115436.05993491467
2025-09-21T00:00:00+00:00,66.60500000000002,68.056,65.914,67.841,87527.1101430255
2025-09-24T00:00:00+00:00,67.841,70.721,67.469,69.656,159841.5256323379
2025-09-27T00:00:00+00:00,69.656,69.88,67.494,67.641,66710.10823578804
2025-09-30T00:00:00+00:00,67.641,67.641,63.88799999999997,64.19299999999997,196868.10019110734
2025-10-03T00:00:00+00:00,64.19299999999997,64.86499999999998,64.05299999999998,64.32499999999997,55853.669291338585
2025-10-06T00:00:00+00:00,64.32499999999997,66.41999999999997,64.32499999999997,65.93999999999997,151326.4180652371
2025-10-09T00:00:00+00:00,65.93999999999997,66.45499999999997,62.40799999999997,62.52399999999997,144007.0733012786
2025-10-12T00:00:00+00:00,62.52399999999997,63.92599999999998,61.439999999999976,62.20099999999998,157490.70212724063
2025-10-15T00:00:00+00:00,62.20099999999998,62.982999999999976,60.06699999999998,61.23699999999998,236133.72062127208
2025-10-18T00:00:00+00:00,61.23699999999998,61.25199999999998,60.01199999999998,60.84699999999998,61237.0382341348
2025-10-21T00:00:00+00:00,60.84699999999998,66.30899999999998,60.28199999999998,65.87799999999999,283903.3932788291
2025-10-24T00:00:00+00:00,65.87799999999999,66.75399999999999,65.38199999999999,65.78899999999999,71187.72860759494
2025-10-27T00:00:00+00:00,65.78899999999999,66.42799999999998,63.82799999999998,64.73699999999998,242271.19227379566
2025-10-30T00:00:00+00:00,64.73699999999998,65.05399999999997,63.72199999999997,64.59399999999998,145147.2053715206
2025-11-02T00:00:00+00:00,64.59399999999998,65.25399999999999,63.75699999999998,64.27199999999998,113363.66001901463
2025-11-05T00:00:00+00:00,64.27199999999998,64.87899999999998,62.78199999999999,63.64899999999998,217257.36065947267
2025-11-08T00:00:00+00:00,63.64899999999998,64.35400000000001,63.342,63.98699999999997,57699.33431300514
2025-11-11T00:00:00+00:00,63.98699999999997,65.33499999999998,62.35099999999995,62.91499999999995,172233.12619023034
2025-11-14T00:00:00+00:00,62.91499999999995,64.89499999999995,62.91499999999995,64.25899999999992,90733.98805933786
2025-11-17T00:00:00+00:00,64.25899999999992,65.01399999999992,62.80799999999992,63.61999999999992,214364.59151699868
2025-11-20T00:00:00+00:00,63.61999999999992,64.34499999999993,61.80999999999993,62.42799999999993,184748.90963209246
2025-11-23T00:00:00+00:00,62.42799999999993,63.526,61.554,62.620000000000005,136960.27226796735
2025-11-26T00:00:00+00:00,62.620000000000005,63.431,62.085,62.294,125295.4908355339
2025-11-29T00:00:00+00:00,63.414,64.93600000000002,63.383,64.43600000000002,52359.727859368046
2025-12-02T00:00:00+00:00,64.43600000000002,64.48100000000002,62.394,63.32000000000001,164467.35231468163
2025-12-05T00:00:00+00:00,63.32000000000001,64.066,63.044000000000004,63.784000000000006,46898.67349027636
2025-12-08T00:00:00+00:00,63.784000000000006,63.89,61.324,62.646,146076.2721198846
2025-12-11T00:00:00+00:00,62.646,62.675999999999995,60.763999999999996,61.175999999999995,114532.62971428572
2025-12-14T00:00:00+00:00,61.175999999999995,61.50099999999999,58.70899999999999,58.86899999999999,107855.53788560694
2025-12-17T00:00:00+00:00,58.86899999999999,60.69999999999999,58.86899999999999,60.513999999999996,172589.2905878572
2025-12-20T00:00:00+00:00,60.513999999999996,62.196,60.513999999999996,62.065999999999995,41945.13981924509
2025-12-23T00:00:00+00:00,62.065999999999995,62.76599999999999,61.769999999999996,62.32599999999999,71133.01413835966
2025-12-26T00:00:00+00:00,62.202,62.56400000000001,60.437000000000005,60.74400000000001,50068.187437518034
2025-12-29T00:00:00+00:00,60.74400000000001,62.084,60.54,60.79699999999999,127346.31190909226
2026-01-01T00:00:00+00:00,61.081,61.884,60.516999999999996,61.287,50194.99976105088
2026-01-04T00:00:00+00:00,61.287,63.199000000000005,60.632999999999996,61.425000000000004,121393.77087246324
2026-01-07T00:00:00+00:00,61.425000000000004,64.7989999999999,60.718,63.89499999999996,196013.79305053066
2026-01-10T00:00:00+00:00,63.89499999999996,65.00799999999991,63.468000000000025,64.94899999999991,71262.9624916276
2026-01-13T00:00:00+00:00,64.94899999999991,67.56999999999996,64.08799999999991,64.63399999999993,344700.9276588086
2026-01-16T00:00:00+00:00,64.63399999999993,65.57999999999998,64.24299999999997,64.86799999999998,67411.03858839051
2026-01-19T00:00:00+00:00,64.86799999999998,65.376,63.37399999999998,65.269,230111.86093424712
2026-01-22T00:00:00+00:00,65.269,66.206,63.53899999999999,66.176,141357.77979696757
2026-01-25T00:00:00+00:00,66.176,67.843,65.066,67.751,164730.15860567917
2026-01-28T00:00:00+00:00,67.751,71.943,67.176,69.90100000000001,403696.88503623137
2026-01-31T00:00:00+00:00,69.90100000000001,69.921,64.93100000000001,65.95700000000001,175595.53395026026
2026-02-03T00:00:00+00:00,65.95700000000001,69.21799999999999,64.682,66.88799999999999,446547.59144774795
2026-02-06T00:00:00+00:00,66.88799999999999,68.296,66.036,67.428,153770.55628876865
2026-02-09T00:00:00+00:00,67.428,70.172,66.618,69.111,279679.07311797445
2026-02-12T00:00:00+00:00,69.111,69.29899999999999,66.35199999999999,67.157,214060.68426872525
2026-02-15T00:00:00+00:00,67.157,69.09400000000001,66.803,67.44900000000001,147760.1478904445
2026-02-18T00:00:00+00:00,67.44900000000001,72.39,67.433,71.733,311921.81843371957
2026-02-21T00:00:00+00:00,71.733,72.469,70.73799999999999,71.44399999999999,73915.291005291
2026-02-24T00:00:00+00:00,71.44399999999999,72.55799999999996,69.10999999999999,70.84599999999996,301301.8112894462
2026-02-27T00:00:00+00:00,70.84599999999996,73.55899999999997,70.40199999999996,73.29399999999997,129336.7732004105
2026-03-02T00:00:00+00:00,73.29399999999997,84.95899999999996,73.12799999999997,82.27599999999997,1150111.0061828236
2026-03-05T00:00:00+00:00,82.27599999999997,94.46499999999995,81.38699999999996,92.61999999999995,782181.5500554682
2026-03-08T00:00:00+00:00,92.61999999999995,119.20299999999996,80.96999999999996,90.68899999999995,1564990.1597605539
2026-03-11T00:00:00+00:00,90.68899999999995,103.63299999999995,86.00899999999997,103.20099999999995,1202869.2896680883
2026-03-14T00:00:00+00:00,103.20099999999995,106.18699999999995,99.35699999999996,100.65199999999996,303809.79648077965
2026-03-17T00:00:00+00:00,100.65199999999996,118.96299999999997,100.17499999999997,107.66499999999996,1016178.1488655284
2026-03-20T00:00:00+00:00,107.66499999999996,112.97699999999996,104.93099999999997,112.27099999999996,297387.4937252132
2026-03-23T00:00:00+00:00,112.27099999999996,114.33799999999995,96.00799999999995,103.07199999999996,1112095.3915350237
2026-03-26T00:00:00+00:00,103.07199999999996,114.19099999999997,102.75599999999997,113.96399999999997,523286.5703283595
2026-03-29T00:00:00+00:00,113.96399999999997,116.85099999999997,102.68699999999998,103.32899999999998,624362.7684009518
2026-04-01T00:00:00+00:00,103.32899999999998,109.81299999999997,98.61099999999998,109.15599999999998,707835.6458558165
2026-04-04T00:00:00+00:00,109.15599999999998,110.97999999999998,106.51299999999998,109.33499999999998,288325.59179816686
2026-04-07T00:00:00+00:00,109.33499999999998,111.41799999999998,88.81699999999998,94.85199999999999,1152280.0492006852
2026-04-10T00:00:00+00:00,94.85199999999999,96.65199999999999,92.645,92.735,243886.936077642
2026-04-13T00:00:00+00:00,92.735,102.082,92.636,93.628,745124.1807225983
2026-04-16T00:00:00+00:00,93.628,98.51,84.862,89.87199999999999,478901.25588503963
2026-04-19T00:00:00+00:00,89.87199999999999,99.87499999999999,89.82599999999998,97.95999999999998,491305.230409535
2026-04-22T00:00:00+00:00,97.95999999999998,106.289,95.32299999999998,105.214,794501.9277251458
2026-04-25T00:00:00+00:00,105.214,108.80799999999999,104.837,107.314,192790.3181354202
2026-04-28T00:00:00+00:00,107.314,119.35699999999999,106.18199999999999,110.29199999999999,806710.7309980048
2026-05-01T00:00:00+00:00,110.29199999999999,111.55499999999998,105.35799999999998,107.90699999999997,256343.9437954389
2026-05-04T00:00:00+00:00,107.90699999999997,114.66199999999998,96.01699999999998,101.27399999999997,910655.3696506283
2026-05-07T00:00:00+00:00,101.27399999999997,102.65899999999998,95.31299999999997,99.65199999999997,602965.0220149364
2026-05-10T00:00:00+00:00,99.65199999999997,107.70099999999996,99.58599999999998,106.72399999999996,350725.20202166436
2026-05-13T00:00:00+00:00,106.72399999999996,108.92399999999996,103.12299999999996,108.33199999999997,476934.48727735254
2026-05-16T00:00:00+00:00,108.33199999999997,111.88199999999996,106.09999999999995,108.49499999999996,236460.4199036918
2026-05-19T00:00:00+00:00,108.49499999999996,110.94699999999995,101.31599999999995,104.06499999999996,647981.1337053302
2026-05-22T00:00:00+00:00,104.06499999999996,105.45599999999995,100.45099999999994,103.12399999999992,183320.47842311749
2026-05-25T00:00:00+00:00,103.12399999999992,103.25999999999992,94.96299999999992,96.90300000000002,483285.42008798383
2026-05-28T00:00:00+00:00,96.90300000000002,100.15100000000002,91.88500000000002,93.49500000000002,352806.18607261614
2026-05-31T00:00:00+00:00,93.49500000000002,99.82200000000002,93.49000000000001,97.879,337524.2140739032
2026-06-03T00:00:00+00:00,97.879,101.06200000000001,94.74099999999997,95.02799999999998,452188.05597480875
2026-06-06T00:00:00+00:00,95.02799999999998,100.16799999999998,94.97699999999998,96.29299999999998,227937.9573587448
2026-06-09T00:00:00+00:00,96.29299999999998,97.59799999999997,90.56099999999998,91.25099999999998,668804.3545728347
2026-06-12T00:00:00+00:00,91.25099999999998,91.98899999999998,87.92699999999998,88.92799999999998,196024.89751404666
2026-06-15T00:00:00+00:00,88.92799999999998,88.99399999999999,79.978,80.913,449024.51765342325
2026-06-18T00:00:00+00:00,80.913,83.02699999999999,78.78899999999999,82.60199999999999,246580.1962818199
2026-06-21T00:00:00+00:00,82.077,83.336,78.077,78.519,273495.91462029243
2026-06-24T00:00:00+00:00,78.519,78.623,71.359,72.566,408747.0460390554
2026-06-27T00:00:00+00:00,72.566,73.39800000000001,71.72000000000001,72.718,102195.34247006931
2026-06-30T00:00:00+00:00,72.718,74.811,70.12000000000002,71.57200000000002,338548.28687901935
2026-07-03T00:00:00+00:00,71.57200000000002,72.46200000000002,71.28500000000001,71.92500000000001,72737.61564507679
2026-07-06T00:00:00+00:00,72.191,80.53999999999999,71.23599999999999,79.26899999999999,500981.0115597253
2026-07-09T00:00:00+00:00,79.26899999999999,79.26899999999999,75.24399999999999,75.92799999999998,356443.1558659224
2026-07-12T00:00:00+00:00,75.92799999999998,87.547,75.86299999999999,85.34199999999998,476188.3590892981
2026-07-15T00:00:00+00:00,85.34199999999998,88.309,83.337,88.207,535413.1573757546
2026-07-18T00:00:00+00:00,88.207,88.563,83.631,86.453,190013.093787515
2026-07-21T00:00:00+00:00,86.453,99.523,85.366,98.06899999999999,616283.3154536546
2026-07-24T00:00:00+00:00,98.06899999999999,98.71,92.68299999999999,95.68999999999998,239014.6864767885
2026-07-27T00:00:00+00:00,95.68999999999998,95.71299999999998,80.112,88.414,546781.9075755517
2026-07-30T00:00:00+00:00,88.414,91.12100000000001,82.34900000000002,85.65800000000002,380815.37936169957
2026-08-02T00:00:00+00:00,85.65800000000002,85.78400000000002,76.50300000000003,76.55200000000002,419792.1056240479
2026-08-05T00:00:00+00:00,76.55200000000002,82.23800000000003,75.90600000000003,80.10400000000003,505725.6542978112
2026-08-08T00:00:00+00:00,80.10400000000003,85.53900000000003,79.93400000000003,85.47900000000003,171029.91745177208
2026-08-11T00:00:00+00:00,85.47900000000003,87.66900000000003,83.45,84.561,633417.8092821208
2026-08-14T00:00:00+00:00,84.561,86.37500000000001,83.99600000000001,86.07000000000001,133628.40395837283
2026-08-17T00:00:00+00:00,86.07000000000001,90.333,85.553,89.117,550408.9201146718
2026-08-20T00:00:00+00:00,89.117,92.36300000000001,89.043,91.61200000000001,339522.0274697781
2026-08-23T00:00:00+00:00,94.045,94.045,86.02199999999999,86.911,357862
2026-08-26T00:00:00+00:00,86.959,90.47800000000001,85.404,88.196,467573
2026-08-29T00:00:00+00:00,88.196,91.494,88.196,90.711,165922
2026-09-01T00:00:00+00:00,90.711,96.974,90.71,95.97,242762
